{"cameraMode":{"drawMode":0,"name":"Shaded","section":"Shading Mode"},"sceneLighting":true,"audioPlay":false,"sceneViewState":{"showFog":true,"showMaterialUpdate":false,"showSkybox":true,"showFlares":true,"showImageEffects":true,"showParticleSystems":true},"in2DMode":false,"pivot":{"x":196.7793731689453,"y":84.72149658203125,"z":65.71826171875},"rotation":{"x":0.09674568474292755,"y":-0.13692617416381837,"z":0.013270062394440174,"w":0.9857591390609741},"size":598.554931640625,"orthographic":false}